<?xml version="1.0" encoding="UTF-8"?>
<project-private xmlns="http://www.netbeans.org/ns/project-private/1">
    <editor-bookmarks xmlns="http://www.netbeans.org/ns/editor-bookmarks/2" lastBookmarkId="0"/>
    <open-files xmlns="http://www.netbeans.org/ns/projectui-open-files/2">
        <group>
            <file>file:/C:/Users/mezaf/OneDrive/Documentos/UNIVERSIDAD/PROGRAMACION%20AVANZADA%20II/TERCER%20PARCIAL/Biblioteca/Biblioteca/src/view/ListadoAutor.java</file>
            <file>file:/C:/Users/mezaf/OneDrive/Documentos/UNIVERSIDAD/PROGRAMACION%20AVANZADA%20II/TERCER%20PARCIAL/Biblioteca/Biblioteca/src/view/Menu.java</file>
            <file>file:/C:/Users/mezaf/OneDrive/Documentos/UNIVERSIDAD/PROGRAMACION%20AVANZADA%20II/TERCER%20PARCIAL/Biblioteca/Biblioteca/src/view/MenuAdmin.java</file>
            <file>file:/C:/Users/mezaf/OneDrive/Documentos/UNIVERSIDAD/PROGRAMACION%20AVANZADA%20II/TERCER%20PARCIAL/Biblioteca/Biblioteca/src/view/FormularioLibro.java</file>
            <file>file:/C:/Users/mezaf/OneDrive/Documentos/UNIVERSIDAD/PROGRAMACION%20AVANZADA%20II/TERCER%20PARCIAL/Biblioteca/Biblioteca/src/view/ListadoLibro.java</file>
        </group>
    </open-files>
</project-private>
